Entry Type,Post ID,Title,Author,Score,Content,Number of Comments,Link Flair,Has Opioid Mention,Has NSAID/Adjuvant Mention,Has Chemo/Treatment Mention,Has Transition Language,Matched Med Terms
Post,ztkj56,My Cancer Journey,nunziejoe,24,Hello everyone! Figured I would try this site to get my story out there. Would love to help out someone recently diagnosed or even get some insight on those who have had the same battle. I started a blog back in June when I started treatment. Here is the link. [https://3minnos.wixsite.com/my-journey](https://3minnos.wixsite.com/my-journey),50,,False,False,False,True,started
Comment,ztkj56,My Cancer Journey,vlwhite1959,16,"My brother was diagnosed Jan 2023. He passed away on Sat, Feb 3rd. Sadly, he chose no treatment. He said he would be on chemo radiation the rest of his life so he made peace and let it run it's course. When diagnosed it was stage 2. By Jan 2024 it had consumed his body. This is a very aggressive cancer so for anyone newly diagnosed please please please act quickly.",50,,False,False,True,False,chemo; radiation
Comment,ztkj56,My Cancer Journey,Moonlight_traveler7,8,"Hello, I just found out my Mum has Stage 4 Esophageal Cancer and it’s already metastasized to her liver. She’s 73. I cried. But, I just feel numb, I think. I saw your page and post and thought , perfect 👍🏻 so thank you! I will be reading your story and I’m sure once this sinks in more, I’ll have questions. But the only thing I can think of now is were their any foods you can eat that are easier on the pain? Easier to swallow and actually still have flavor? Let me know when you have a chance. Thank you so much.🫶🏻💗",50,,False,False,False,False,
Comment,ztkj56,My Cancer Journey,istickpiccs,4,"Thank you so much for sharing your blog. My neighbor was just diagnosed, and even as a nurse for many years, I do not have experience with esophageal cancer. I’ll be reading through to see how I can support her along the way.",50,,False,False,False,False,
Comment,ztkj56,My Cancer Journey,Motheroftrees605,4,"Hello. My four year old’s dad/my ex fiancé was just diagnosed. We do not know what stage he is as we are waiting for his PET. His scope did not look good. Does anyone have any feedback on how to help my four year old through something like this? No matter what happens, I know this will be a confusing experience for her.",50,,False,False,False,False,
Comment,ztkj56,My Cancer Journey,Severe-Case8032,3,"My husband age 84 just diagnosed stage 4 squamous cell esophageal cancer Mets to distal lymph nodes. So far the medical community has been awful. Poor man can only swallow liquids. And it’s wait for barium swallow then wait weeks for PET. Then weeks till Oncology appointment. Then oncologist doesn’t bother to read the complete report and starts telling us about treatments not recommended for stage 4. I had to point out the reference to distal nodes involved. Hubby won’t go to another. Hubby thinks he can beat this but doesn’t have all the data. Another dr who read the PET told me he likely only has months. 
Oncologist plan is port placement, feeding tube placement via external surgery due to inability to pass endoscopy scope past the tumor. Then chemo with oxaliplatin, fluoriuracil and pegfilgrastim. 
It sounds like torture for both of us not to mention the massive medical debt this will fall to me. I’m so overwhelmed",50,,False,False,True,False,chemo; oxaliplatin
Comment,ztkj56,My Cancer Journey,Alternative_Dust3727,3,"I was diagnosed last year went through radiation and chemo and then had my esophagus removed and multiple lymph nodes. Started immunotherapy in January and cancer came back hard in May. Found lump in my armpit and neck. Stage 4 now, back to chemo this time with a port . I was doing so well and this is a slap down",50,,False,False,True,True,started; chemo; immunotherapy; radiation
Comment,ztkj56,My Cancer Journey,RaeRae0123,3,"Hi! I’m really hoping you are still on Reddit. My 73 year old mom was recently diagnosed with esophageal cancer. I am currently sitting in the waiting room as she is about to have her first EGD to biopsy the tumor in order to stage the cancer. I think the doctor might try to resect the entire thing today if possible, but I’m not sure because my mom doesn’t really want to know specifics on much of anything with her cancer. 

That is why I’m here. I will be the one, along with my brother, who finds all available information so we can be as prepared as possible and hopefully ask the right questions whenever needed. Any and all advice is welcome. 

And I want to say thank you to OP, as well as others here, for posting about your battle and experiences. I’m grateful to have the ability to find community to support and be supported by during my family’s journey with this.",50,,False,False,False,False,
Comment,ztkj56,My Cancer Journey,Allieemc,2,"What are you eating/ drinking. My step dad is struggling with food and meal and keeping weight cause it hurts to eat. A man who loved food so much, it's so hard to live on meal replacement shakes",50,,False,False,False,False,
Comment,ztkj56,My Cancer Journey,cstoned2713,2,"Hello all, hope everyone is feeling well. My dad (59) was recently diagnosed stage 4, he’s really struggling right now with eating anything other than meal replacement shakes, yogurt and brothy soups which he’s very tired of. Does anyone have any recommendations for recipes or foods that helped them with calorie intake? He’s also struggling with sleep as his heartburn-like chest pains are pretty consistent so any ideas for this would be much appreciated.",50,,False,False,False,False,
Comment,ztkj56,My Cancer Journey,Pup-Recovery-1,2,"THANK YOU for journaling your journey via your blog site - I see that you are very actively updating it.  Heading to review everything now.  
Have a dear life long friend who just presented in Sept ‘24 - G-tube put in Oct ‘24 - PET finally then stage at IV in Nov ‘24 due to quite a few bone metastases.  Lymph nodes and organs clear - so this is NOT typical STAGE IV path from all the digging family & friends are doing on esophageal cancer.
This SUB isn’t very active at all - was kinda surprised at that.
Round 1 FOLFOX began last week - not an immunotherapy candidate - not a surgical candidate
Praying 🙏🏻",50,,False,False,True,False,immunotherapy
Comment,ztkj56,My Cancer Journey,PresenceCertain8985,2,"My heart goes out to all of you.  My journey started in 2018.  Chemo, radiation, surgery.  I was stage 3.  Hang in, all the feeding tubes kept me alive.  I still struggle with getting my calories and tons of gastro problems.",50,,False,False,True,True,started; chemo; radiation
Comment,ztkj56,My Cancer Journey,HardToSwallow5353,2,"Hi All

8 year squamous cell survivor. Yes it's challenging but hang in there! 

Wanted to add that it is extremely important to have your medical team monitor your B-12 and iron/ferritin levels every few months. I've had several bouts of iron deficiency anemia because no one was paying close attention and malabsorption is a HUGE issue for us. The anemia alone can make you exhausted let alone the surgery or aftermath. So even with Jtube you can still be malnourished because you're not absorbing all of the nutrients.",50,,False,False,False,False,
Comment,ztkj56,My Cancer Journey,SpecificHuman9479,1,"I need help. My dad has esophagael cancer Stage 4. He is on NGT but he started regurgitating the milk he got now. Then the doctor just called and said they will have to refer us to government hospital for my dad to get his TPN. My dad doesn't wanna go to hospital anymore, but the doctor said he will suffer more...

I don't know what to do. The doctors didn't give him any painkillers or anything....",50,,False,False,False,True,started
Comment,ztkj56,My Cancer Journey,Pup-Recovery-1,1,"I’ve FINALLY figured out the organization of your BLOG 

[JOURNEY 6-21-22 Through 4-26-24](https://3minnos.wixsite.com/my-journey/post/a-day-in-the-life)",50,,False,False,False,False,
Comment,ztkj56,My Cancer Journey,Pup-Recovery-1,1,"Organization of your BLOG - PART II

[JOURNEY 4-27-24 through CURRENT](https://3minnos.wixsite.com/my-journey/post/a-day-in-the-life-round-ii)",50,,False,False,False,False,
Comment,ztkj56,My Cancer Journey,mando_108,1,"My dad is 76 years old. He was diagnosed end of may 2025. Given two answers as to stages. Stage 4 by one doctor stage 3 by the other. The cancer spread under his collar bone, liver and another place in stomach. He started chemo middle of June. Completed 4 treatments and got another pet scan. Pet scan showed good results, barely detectable in collar bone and stomach; however liver spot got larger and a second spot showed up. Added immunotherapy. He completed one treatment with the immunotherapy but just could not bounce back. His fatigue and nausea so bad that he is barely getting out of bed for weeks. Tried numerous appetite stimulates, prescriptions for stomach and even got a steroid. Nothing helps. I got queasy stomach suckers for him, cola, ginger tea etc. he has zero appetite and can’t hardly tolerate any solid food. He’ll start chewing and have to spit it out. He got so fatigued he fell last week. Today he’s going to the hospital. I hope they can help him regain some strength. I’m scared for him and I know it’s bad if he says he wants to go to the hospital. Fuck cancer",50,,False,True,True,True,started; chemo; immunotherapy; steroid
Comment,ztkj56,My Cancer Journey,ubermur,1,"4 year survivor here. Did radiation, chemo and a 12.5 hour surgery. Followed by a year of immunotherapy. Got diagnosed 3 weeks after I got married. Awkward. Next scan will be in March.",50,,False,False,True,False,chemo; immunotherapy; radiation
Comment,ztkj56,My Cancer Journey,nunziejoe,7,So sorry to hear the news of your mom. It really sucks. Since my surgery I can eat just about anything only smaller portions. Too much and I will bring it back up. Actually I just had a scan and Mri that didn't look good. I will find out tomorrow the next plan of attack. Sorry it took me a while to respond. I haven't checked reddit in some time. Good luck to you guys and feel free to reach out anytime.,50,,False,False,False,False,
Comment,ztkj56,My Cancer Journey,OperationOld6374,3,"My dad was recently diagnosed with the same and it has metastasized to his liver as well. They began the surgery to remove the tumor but found it in their exterior of his liver when they began the surgery and ended it early, couldn’t risk moving forward. 
I’m trying to find some hope or alternatives that people have found successful but it’s so limited. He doesn’t want to continue with chemo and seeing the quality of life it’s giving him I agree. But I don’t want him  to not have other routes or hope to fight for. 
Has anyone seen success in anything holistic in this group?  Mistletoe, cannabis oils, anything like that?",50,,False,False,True,False,chemo
Comment,ztkj56,My Cancer Journey,Final_Hope3082,1,Im dealing with the same thing with my dad💔❤️‍🩹 im so sorry you went through this. I hope you’re both doing better now🙏,50,,False,False,False,False,
Comment,ztkj56,My Cancer Journey,cstoned2713,1,"Hey, my dad was recently diagnosed and we’re having the same problem. Do you have any recommendations? Hope your stepdad is doing well💕",50,,False,False,False,False,
Comment,ztkj56,My Cancer Journey,Liny84,5,"I just bought an oil for my husband at an organic type health food store. It’s called MCT and it has a ton of calorie  boosting properties. I put it in whatever he eats, so that’s calories at least. On the food front we did Panera cream soups, autumn squash  and potato soup. I also put smooth peanut butter and Nutella in his smoothies, with banana, yogurt, a few ice cubes and that oil. I know it sucks. My husband has just gone through the surgery. Hang in there.",50,,False,False,False,False,
Comment,ztkj56,My Cancer Journey,Deep-Consequence5020,4,My fam member diagnosed with stage 4 beginning of November. He started chemo and immunotherapy. Have you been on www.smartpatients.com?,50,,False,False,True,True,started; chemo; immunotherapy
Comment,ztkj56,My Cancer Journey,Moonlight_traveler7,1,"Ty for getting back to me, and I’m sorry for everything you’re going through. We find out more by the end of the week, what Avenue the drs are going, chemo, radiation, surgery?? Sending you so much healing love my friend! 💗🪽💫✨",50,,False,False,True,False,chemo; radiation
Comment,ztkj56,My Cancer Journey,BAL7B,2,"Yoyoyo how are you feeling ? Sorry for the inconvenience,but im in the same situation my father has been diagnosed with oesophageal cancer and today they are going to hold a meeting to give us their opinion, but I don't know what question I should ask them ?? Any recommandations pls ?",50,,False,False,False,False,
Comment,ztkj56,My Cancer Journey,Background_Metal618,1,"Had favorable response to chemo followed by chemo+radiation. Local cancer recurrence after 6 months (stage 1 now). Had esophagectomy 6 weeks ago, getting strength and endurance back gradually.",50,,False,False,True,False,chemo; radiation
Comment,ztkj56,My Cancer Journey,mando_108,1,"Sad to say he took his own life. He wasn’t getting any relief or answers. He had two trips to the er for some of what was going on, constant nausea and then constipation. His last few days I had to help him get dressed. My father was a proud man, a strong man and I think there was more going on then we could ever know. My sister thinks he may have had an ulcer that added to his discomfort and may have caused such low iron. We’ll never know. My hope is that for anyone out there suffering from cancer or any other disease that you find support and healing.",50,,False,False,False,False,
Comment,ztkj56,My Cancer Journey,cstoned2713,4,"My little update: happy to say that my dad had his resection surgery of the tumor, lymph nodes, and affected portion of the stomach/esophagus a few weeks ago and he’s been doing great recovering at home! Pathology says he’s got clean margins and the surgeon is confident he’ll make a full recovery and should be able to eat solids soon. Such a big relief for my family, I’m thinking about all of your loved ones and hoping for positive news in the new year💜",50,,False,False,False,False,
Comment,ztkj56,My Cancer Journey,cstoned2713,1,"Depending on your fathers condition, I’d ask about the best ways to keep his calories up and preventing weight loss. That was my dads biggest issue during the chemo and radiation treatment and they had to pause his therapies for a feeding tube to be put in. It’s also good to know if he would be a good candidate for surgery as that’s the best way to prevent the cancer from returning. Sending positive thoughts for the meeting to go well!",50,,False,False,True,False,chemo; radiation
Comment,ztkj56,My Cancer Journey,cstoned2713,1,"Hey just wanted to update you on how we’ve handled the eating issue with my dad. He lost too much weight to continue with his chemo and radiation so they put in a feeding tube to get his weight back up without the stress of trying to eat day in and day out. It’s not an easy thing to wrap your head around but it’s made his daily life a lot better and he’s had a lot more energy throughout the day. Don’t hesitate to reach out, good luck💕",50,,False,False,True,False,chemo; radiation
Comment,ztkj56,My Cancer Journey,OperationOld6374,1,"My dad is having trouble with the same. Nothing tastes the same or he can’t get it down, doesn’t set well. He also is burping a ton and it’s very painful. I’m worried he has something like H. Pylori or SIBO on top of everything, maybe from issues with the feeding tube (they attempted to put one in, did for a couple weeks then removed it)",50,,False,False,False,False,
Comment,ztkj56,My Cancer Journey,OperationOld6374,1,"We unfortunately don’t have that option, he had one then they tried to switch him from a G tube to a J tube mid-surgery (the surgery was somewhat a fail, they found more cancer on his liver and due to it now being metastatic couldn’t remove the tumor and closed him up but put a different type of tube in while they were in at that time) 

The J tube caused him to have low grade inflammation, a bacterial infection possibly h.pylori, pain, and to almost go septic so they took it out. They’ve since done chemo and radiation but took him off of chemo since his white blood cell count is too low for now. He’s on his last of 10 treatments of radiation so now we’re in a waiting period for a week before more tests to see if they can move forward with anything. So for the time being it’s just like 4 different kinds of pain killers, eat, and see what we can do on our own to get him improving somewhat.",50,,False,False,True,False,chemo; radiation
Comment,ztkj56,My Cancer Journey,cstoned2713,3,"Stage 4, it was in his esophagus, stomach, some lymph nodes, and was wrapped around an artery. The chemo shrunk the tumor enough around the artery and the surgeon removed it with the lymph nodes, bottom portion of the esophagus, and top portion of the stomach",50,,False,False,True,False,chemo
Comment,ztkj56,My Cancer Journey,cstoned2713,1,"He got 6 weeks of both, chemo on mondays, radiation Monday through Friday. Had to have a week break in the middle to get a feeding tube in his stomach because he was very underweight",50,,False,False,True,False,chemo; radiation
Comment,ztkj56,My Cancer Journey,cstoned2713,1,"Mostly Boost protein drinks, smoothies, soups without bits, and mashed potatoes. Mainly any soft liquid-ish foods he could keep down",50,,False,False,False,False,
Post,zsoova,Years after esophagi to you,Guilty-Emergency8431,21,"Am 10 years after surgery. Esophagus, valves on both ends of stomach, vagus nerve all gone. So grateful for survival. Persistent symptoms annoying. Dumping, fast heart rate and short of breath, weight stable for years now losing. Also 81 years old and active. Anyone else had these symptoms? Any approaches to managing symptoms.",8,,False,False,False,False,
Comment,zsoova,Years after esophagi to you,Large-Crazy-8909,7,"Only difference between you and me is I am 82!  Same surgery same time frame, same lingering, annoying symptoms. Added problem is very dry mouth from loperamide 5 mg daily to try to control dumping. 
Weight loss is improving some with taking Creon a pancreatic enzyme assist. It has its own problems but after adjustments has helped me gain 4 lbs.",8,,False,False,False,False,
Comment,zsoova,Years after esophagi to you,CookingMama1969,2,"I'm sorry to hear about your father - The fact alone that you're asking questions about your mother tells me that she is in good hands and I'm sure you will partner with her and y'all will figure out what is her best plan. But I can tell you they will probably want to do the surgery they all do. You can look forward to them. Doing a few test. She may get a stress test. She will get a pulmonary test to test her lungs. All this is to see if she is strong enough for this big surgery. However, if it's early detection they may not want to do surgery at all.",8,,False,False,False,False,
Comment,zsoova,Years after esophagi to you,IncreaseNo2878,1,hey man i just found my mother has esophageal cancer im 25 years old lost my father last year can you tell me is there any hope how long do we have to,8,,False,False,False,False,
Comment,zsoova,Years after esophagi to you,wher3_do_we_go_now,3,"Hello,  I can offer some insite on what to expect with the disease that your mother has been diagnosed with.  I am surviving stage 3 esophageal cancer and almost in belief that I will have the opportunity to move on to a modified normal life.  Feel free to DM me if you care to chat.  Otherwise best wishes to your mother and family.",8,,False,False,False,False,
Comment,zsoova,Years after esophagi to you,CookingMama1969,2,"There's an Esophageal Cancer and Caregiver site on Facebook. I am a member on it as my husband has it, Stage 3. There doesn't look to be a whole lot of activity on here. I have learned that there is really not alot of rhyme or reason how some people survive and some don't. Everyone is different. Early detection is good. If she has a chance to visit MD Anderson Cancer center, that's helpful. Even if she doesn't get treatment there, they will do certain tests at your local Cancer center won't and the test they found on my husband was that he had MSI high cancer cells that are super responders to immunotherapy so my husband wasn't really a candidate for surgery because he has a lot of many comorbidities. Therefore my husband is on Keytruda due to every 3 weeks. Your mother will probably get about 26 treatments of radiation & 26 chemo, pretty standard.",8,,False,False,True,False,chemo; radiation; immunotherapy; keytruda
Comment,zsoova,Years after esophagi to you,IncreaseNo2878,2,"so sorry to hear that ik its very difficult as i have already lost my father,my one other question is how old was ur husband when he got diagnosed and how long can we expect to live with stage 3",8,,False,False,False,False,
Comment,zsoova,Years after esophagi to you,CookingMama1969,3,"He was diagnosed August 31, 2023. The standard of care ""cure"" is to get surgery. It's called an esophagectomy. Don't google too much, lol, probably too late. Seriously cancer.org has more up to date than old data out there on the internet.
My husband is 62. He completed chemo RADS In November last year. He had to get a stent placed in his lad and so that was done last January and that is why they could not do the surgery which she wasn't sure he wanted to get done. Now that he has gotten the surgery done and he is doing well, he still has two spots lighting up on the pet scan. Therefore my husband still has cancer but it has not spread. They say the chance of living longer is at if you get the surgery. If you don't get the surgery only about 10 to 15% on average alive in 5 years .",8,,False,False,True,False,chemo
